{"bottomLeft": [0.5100845348365824, -0.19651155570645823, -0.10099145651565988], "topLeft": [0.21833791865501317, -0.20542199910033193, -0.10128547239635934], "topRight": [0.1997174060519039, 0.2055307788449243, -0.10506356915842625], "bottomRight": [0.48745392791678344, 0.21835818457855063, -0.10522534068257246]}