{"bottomLeft": [0.4998598086973868, -0.2029861268900541, -0.08445950028508434], "topLeft": [0.21660936484036697, -0.21055474171975083, -0.08366921051764585], "topRight": [0.21543132259803774, 0.20693405652976582, -0.08686471797161566], "bottomRight": [0.5024406594332553, 0.20548008851329272, -0.0848476024229732]}