{"bottomLeft": [0.5076190271991632, -0.20861777734906428, -0.09046043445269739], "topLeft": [0.22599306239788458, -0.20741504523212245, -0.09332490951167201], "topRight": [0.22454084712035993, 0.21235269319469244, -0.09547216424811203], "bottomRight": [0.5168710967726987, 0.20606248055642734, -0.09055596231391987]}