{"bottomLeft": [0.5409573198920457, -0.16535223881686634, -0.08668544302333385], "topLeft": [0.24603536546538046, -0.17322946977622478, -0.0864304835842012], "topRight": [0.23551399718665103, 0.2435434512177512, -0.08942949652016095], "bottomRight": [0.5228082184167496, 0.25304334782745713, -0.08901504270946185]}