{"bottomLeft": [0.5217512041481933, -0.15069145085192787, -0.053813825631578424], "topLeft": [0.2625691166637635, -0.15157292072181983, -0.05499466426125241], "topRight": [0.24640313032934502, 0.2365466398176777, -0.036780297825423316], "bottomRight": [0.5126745227939354, 0.24315940785956766, -0.05963677255101221]}